title,url,views,thumbnail_url,description,channel
Ghana v Nigeria | FIFA World Cup Qatar 2022 Qualifier | Match Highlights,https://www.youtube.com/watch?v=YpSpWtuOz1s,"920,163",https://i.ytimg.com/vi/YpSpWtuOz1s/hqdefault.jpg?sqp=-oaymwEcCPYBEIoBSFXyq4qpAw4IARUAAIhCGAFwAcABBg==&rs=AOn4CLDM19dnjATfMG3E_2r6qlk1mtz_Iw,Ghana and Nigeria will compete in a winner-takes-all clash on Tuesday after a goalless stalemate in their Round Three African Qualifiers first-leg tie. The winners of March’s five ties...,FIFA
"Watch the uncensored moment Will Smith smacks Chris Rock on stage at the Oscars, drops F-bomb",https://www.youtube.com/watch?v=myjEoDypUD8,"56,484,719",https://i.ytimg.com/vi/myjEoDypUD8/hqdefault.jpg?sqp=-oaymwEcCPYBEIoBSFXyq4qpAw4IARUAAIhCGAFwAcABBg==&rs=AOn4CLDMGk2RvhtN19ZRm92G9MHMIb8_LA,Best actor nominee Will Smith appeared to smack presenter Chris Rock in the face with an open hand and shouted a vulgarity at the comedian for making a joke about his wife's appearance at the...,Guardian News
Best Friends in the World: Senior Year | Episode 2,https://www.youtube.com/watch?v=OKoXd6bhb8Y,"1,155,498",https://i.ytimg.com/vi/OKoXd6bhb8Y/hqdefault.jpg?sqp=-oaymwEcCPYBEIoBSFXyq4qpAw4IARUAAIhCGAFwAcABBg==&rs=AOn4CLBcdFpB3lvk0MRULR7c14IOaL_5nw,EP 2 - LHS students assemble at the back-to-school mixer where Adam introduces Evelyn to his friends. The school announces the prefect nominees. An inseparable trio discover that their bond...,Neptune3 Studios
ABATTOIR SEASON 3 || EPISODE THREE,https://www.youtube.com/watch?v=De4uexHcTDo,"437,998",https://i.ytimg.com/vi/De4uexHcTDo/hqdefault.jpg?sqp=-oaymwEcCPYBEIoBSFXyq4qpAw4IARUAAIhCGAFwAcABBg==&rs=AOn4CLDU9A2RX1f97OypwHSZlKgJypi7TQ,"If you have been blessed and you feel led to sow, here are the accounts ZELLE: damilolabamiloye@gmail.com Account Name : Mount Zion Faith Ministry Bank: Access Bank (diamond) Acc number...",Damilola Mike-Bamiloye
OLA Latest Yoruba Movie 2022 Ibrahim Chata|Femi Adebayo|Kiitan Bukola|Afeez Abiodun|Mimisola Daniel,https://www.youtube.com/watch?v=RYnWrGmuFqE,"546,038",https://i.ytimg.com/vi/RYnWrGmuFqE/hqdefault.jpg?sqp=-oaymwEcCPYBEIoBSFXyq4qpAw4IARUAAIhCGAFwAcABBg==&rs=AOn4CLDWNBEKsUBaZffoPO1iDZ4xZoThrg,"She's ambitious, cunning and daring. She also believes ends justify means. Then she runs into problem due to altercations with different people. Which of her shenanigans is the tipping point.........",LibraTv
Go back to your father's House,https://www.youtube.com/watch?v=nkp1xCD4SjM,"310,398",,Rukevwe is mama Tegwolo's younger sister and has come to stay at their place to do her 1 year NYSC program but she got off the wrong foot with Tegwolo and now the champion of warri wants her...,HouseOfAjebo
IZZAR SO EPISODE 80 ORIGINAL,https://www.youtube.com/watch?v=YpbisrEgjb8,"264,499",,Wannan Channel Bakori tv Zata Rika Kawo Muku Shirye Shirye Masu kayatarwa Da Nishadantarwa Da kuma ilmantarwa #bakori_tv #izzarso #sakonso #latesthausafilm #lawanahmad #alinuhu #awa24 #arewa24...,BAKORI TV
Highlights Real Madrid vs FC Barcelona (0-4),https://www.youtube.com/watch?v=Bb7pphWltLI,"10,957,834",,Great victory for FC Barcelona en El Clásico thanks to a double of Aubameyang and the goals of Araujo and Ferran Torres #RealMadridBarça #ElClásico Matchday 29 LaLiga Santander 2021/2022...,LaLiga Santander
LOVE AND LIES  - [CHINENYE NNEBE]NIGERIAN NOLLYWOOD MOVIE 2022 AFRICA FULL MOVIE,https://www.youtube.com/watch?v=7AUB7n9NOEA,"241,937",,A lovely movie you would definitely enjoy Starring: Thanks for watching and always remember that we have hundreds of Latest Nigerian movies lined up for your enjoyment. Don't forget to...,JUST LOVE TV
Will Smith SLAPS Chris Rock at Oscars 2022,https://www.youtube.com/watch?v=z4t1CC7-UFE,"10,856,810",,"Will Smith did not seem to find Chris Rock's joke over his wife, Jada Pinkett Smith's, hair very funny. The 'King Richard' star reacts to the moment by slapping the comedian across the face....",Entertainment Tonight
